speaker_id,meta.year_at_ufv,meta.gender,meta.english,meta.ais,meta.aii,meta.ind_te,meta.ind_ww,meta.ind_tm,meta.ind_eff,meta.ind_qw,meta.ind_sat,meta.ind_lead,meta.group_number
1.Pink,4,2,1,88,40,5,5,5,5,5,5,5,1
1.Blue,1,2,1,64,76,5,5,5,5,5,5,2,1
1.Green,6,1,2,85,12,4,5,5,4,5,4.6,4,1
10.Orange,4,2,1,55,56,5,4,5,5,4,4.6,4,10
10.Pink,1,1,1,57,33,5,4,4,5,4,4.4,3,10
11.Pink,3,2,1,70,38,2,3,4,2,3,2.8,4,11
11.Green,3,2,2,92,44,3,5,5,1,5,3.8,5,11
12.Blue,2,2,2,80,26,4,5,4,4,4,4.2,3,12
12.Green,1,2,1,96,40,5,4,5,4,5,4.6,3,12
12.Pink,1,2,1,75,52,4,5,5,5,5,4.8,4,12
12.Orange,2,2,1,102,32,4,5,5,5,5,4.8,4,12
13.Yellow,2,1,1,77,24,4,4,3,4,3,3.6,4,13
13.Blue,2,2,2,77,70,4,5,5,4,5,4.6,4,13
14.Red,5,1,1,68,41,1,4,5,4,5,3.8,5,14
14.Blue,1,2,1,62,56,1,4,5,5,5,4,3,14
14.Yellow,1,2,1,86,38,2,4,5,5,4,4,2,14
14.Pink,2,1,1,82,68,2,5,4,5,4,4,1,14
15.Orange,3,2,1,80,52,4,5,5,5,4,4.6,4,15
15.Purple,4,2,1,92,46,3,5,2,2,4,3.2,4,15
15.Yellow,2,1,1,68,34,4,4,5,3,3,3.8,4,15
15.Blue,1,2,1,74,65,4,5,4,5,5,4.6,3,15
16.Yellow,2,2,1,64,48,2,5,5,5,5,4.4,5,16
16.Blue,5,2,1,57,35,1,4,5,5,4,3.8,5,16
16.Pink,3,1,2,80,54,2,5,3,5,4,3.8,3,16
17.Orange,2,2,1,58,48,1,4,4,4,3,3.2,4,17
17.Blue,1,2,1,66,54,1,5,5,5,5,4.2,4,17
17.Yellow,2,2,1,84,78,5,5,3,4,3,4,3,17
17.Pink,1,2,1,79,58,1,4,4,4,5,3.6,3,17
18.Pink,1,2,1,61,61,5,3.5,4,3,3.5,3.8,4,18
18.Blue,2,1,1,66,70,5,4,2.5,3.5,3,3.6,3,18
18.Orange,1,2,2,56,67,1,1,2,2,1,1.4,3,18
19.Blue,4,2,2,90,32,2,4,4,5,4,3.8,4,19
19.Pink,2,2,1,76,26,1,5,5,5,5,4.2,3,19
19.Orange,2,2,1,66,46,2,5,5,5,4,4.2,3,19
2.Pink,3,1,1,92,48,4,4,5,5,4,4.4,3,2
2.Blue,4,2,1,68,20,5,5,5,5,5,5,4,2
20.Blue,1,2,1,82,58,1,4,5,5,5,4,4,20
20.Pink,2,2,1,84,32,5,5,5,5,5,5,3,20
20.Orange,2,2,1,82,52,2,4,5,5,4,4,2,20
21.Blue,1,2,1,82,22,1,5,5,1,5,3.4,5,21
21.Pink,2,2,1,64,48,2,5,5,4,4,4,4,21
21.Orange,1,2,1,84,76,2,5,5,5,5,4.4,1,21
22.Blue,1,2,1,79,65,2,4,4,4,4,3.6,4,22
22.Pink,1,2,1,78,34,3,5,5,5,5,4.6,3,22
22.Orange,1,2,1,78,28,2,5,5,5,4,4.2,3,22
23.Orange,1,2,1,82,24,1,5,5,5,5,4.2,5,23
23.Blue,1,2,1,88,35,2,5,4,4,4,3.8,3,23
24.Blue,1,1,1,58,74,4,4,3,4,4,3.8,4,24
24.Orange,1,2,1,88,68,1,4,3,5,5,3.6,2,24
24.Pink,1,2,1,76.64,43.87,2,4,5,5,4,4,2,24
25.Pink,1,2,2,102,28,3,4,5,1,5,3.6,5,25
25.Orange,3,2,1,76,56,2,4,3,4,4,3.4,4,25
25.Blue,1,2,1,76,78,1,4,4,4,4,3.4,3,25
26.Pink,2,2,1,84,61,4,4,5,5,5,4.6,4,26
26.Blue,1,2,1,74,36,1,3,5,4,4,3.4,2,26
26.Orange,1,2,1,84,36,2,4,3,4,4,3.4,4,26
27.Pink,1,2,1,76,44,2,4,4,4,4,3.6,3,27
27.Orange,1,2,1,78,42,1,5,5,5,5,4.2,4,27
27.Blue,1,2,1,68,58,3,5,4,5,4,4.2,3,27
28.Blue,1,2,1,76,48,2,4,4,4,5,3.6,5,28
28.Orange,1,1,1,88,36,2,4,5,4,5,4,4,28
28.Pink,2,1,1,92,48,2,4,4,4,5,3.8,4,28
3.Green,2,1,1,74,32,4,4,4,5,4,4.4,4,3
3.Pink,2,2,1,72,56,5,5,5,5,5,5,3,3
4.Blue,1,2,1,79,24,5,5,5,5,5,5,5,4
4.Orange,1,2,1,88,22,4,4,5,4,5,4.4,3,4
4.Yellow,1,2,1,91,28,5,4,4,4,4,4.2,2,4
5.Orange,2,2,1,88,30,4,3,4,4,4,3.8,3,5
5.Blue,1,2,1,72,32,3,5,5,5,4,4.4,4,5
5.Pink,2,2,1,84,46,3,4,4,4,4,3.8,3,5
5.Yellow,1,1,1,61,41,3,4,4,4,3,3.6,3,5
6.Blue,1,2,2,79,50,4,4,5,5,5,4.6,2,6
6.Pink,4,1,2,48,12,5,5,5,5,4,4.8,4,6
6.Green,2,2,1,74,50,5,5,5,5,5,5,5,6
6.Orange,1,2,1,70,70,5,5,5,5,5,5,3,6
7.Orange,1,2,1,68,38,4,5,4,5,4,4.4,3,7
7.Green,2,1,1,80,26,3,4,5,5,5,4.4,3,7
7.Blue,1,2,1,84,17,2,5,4,5,4,4,2,7
8.Blue,1,1,1,92,40,4,5,5,5,4,4.6,3,8
8.Green,1,2,1,84,34,4,5,5,5,4,4.6,5,8
8.Orange,1,2,1,78,36,4,4,4,5,5,4.4,3,8
9.Green,2,1,1,67,20,4,5,5,5,5,4.8,4,9
9.Blue,1,2,1,62,24,4,4,4,3,3,3.6,2,9
9.Pink,1,1,1,70,38,5,4,4,5,4,4.4,2,9
