time,speaker_id,please,please_start,has_hedge,indirect_(btw),hedges,factuality,deference,gratitude,apologizing,1st_person_plural,1st_person,1st_person_start,2nd_person,2nd_person_start,indirect_(greeting),direct_question,direct_start,has_positive,has_negative,subjunctive,indicative,age_of_acquisition,concreteness,familiarity,imageability
1,1.2,0,0,0.33,0,0.11,0,0,0,0,0.44,0.44,0.22,0.06,0,0,0.06,0.5,0.39,0.11,0,0,224.83,289.47,560.8,316.64
2,1.2,0,0,0.56,0,0.5,0.11,0,0,0,0.39,0.39,0.22,0.11,0,0,0,0.44,0.5,0.22,0,0,112.2,277.01,565.49,287.76
3,1.2,0,0,0.14,0,0.09,0.05,0,0,0,0.09,0.14,0.05,0.09,0,0,0.05,0.36,0.32,0.09,0,0,97.41,281.73,560.98,302.51
4,1.2,0,0,0.32,0,0.27,0.05,0,0,0,0.09,0.41,0.09,0.09,0,0,0,0.36,0.41,0.09,0,0,104.59,282.8,572.82,292.16
5,1.2,0,0,0.28,0,0.22,0.06,0,0,0,0.17,0.44,0.22,0.17,0,0,0,0.44,0.28,0.22,0,0,79.61,294.33,594.31,308.75
1,1.1,0,0,0.44,0,0.22,0.11,0,0,0,0.22,0.78,0.11,0.11,0,0,0,0.44,0.44,0,0,0,254.52,299.02,574.76,335.27
2,1.1,0,0,0.21,0,0.14,0,0,0,0,0.14,0.07,0.29,0.29,0.07,0,0.07,0.14,0.36,0,0,0,128.69,251.12,502.02,271.31
3,1.1,0,0,0.32,0,0.18,0.05,0,0,0,0.14,0.32,0.18,0,0,0,0,0.23,0.41,0.09,0,0,211.39,257.25,496.48,281.41
4,1.1,0,0,0.12,0,0.12,0,0,0,0,0.12,0.24,0.12,0.06,0,0,0.06,0.18,0.35,0.06,0,0,141.41,280.28,551.32,300.44
5,1.1,0,0,0.12,0,0.12,0,0,0,0,0,0.38,0.38,0.25,0,0,0,0.12,0.38,0,0.12,0,54.38,236.47,451.13,245.45
1,1.3,0,0,0.17,0,0.17,0.17,0,0,0,0,0.17,0.33,0.17,0,0,0.33,0.33,0.5,0,0,0,107.92,288.91,584.07,313.13
2,1.3,0,0,0.36,0,0.36,0.14,0,0,0,0.07,0.36,0.07,0.07,0,0,0,0.21,0.36,0.07,0,0,121.93,256.93,463.92,263.03
3,1.3,0,0,0.5,0,0.29,0,0,0,0,0.07,0.21,0.21,0.07,0,0,0.07,0.29,0.21,0.14,0,0,138.79,283.1,552.58,311.14
4,1.3,0,0,0.25,0,0.08,0,0,0,0,0,0.08,0.17,0.08,0,0,0,0.08,0.42,0,0,0,51.5,204.34,393.47,227
5,1.3,0,0,0.07,0,0.07,0,0,0,0,0.14,0.14,0.07,0.14,0,0,0,0.14,0.29,0.07,0,0,78.5,205.37,378.36,216.98
1,1.4,0,0,0,0,0,0,0,0,0,0,0.12,0,0,0,0,0,0,0.25,0,0,0,89.94,183.11,357.8,201.85
2,1.4,0,0,0.08,0,0.08,0,0,0,0,0,0.08,0.08,0.17,0,0,0,0.17,0.25,0,0,0,102.42,209.91,390.56,221.6
3,1.4,0,0,0.62,0,0.5,0,0,0,0,0.25,0.25,0.25,0,0,0,0,0.12,0.62,0,0,0,89.62,301.8,599.27,324.61
4,1.4,0,0,0.18,0,0.09,0,0,0,0,0,0.27,0.09,0,0,0,0.09,0.27,0.36,0.09,0,0,36.36,214.09,496.78,226.8
5,1.4,0,0,0.19,0,0.06,0,0,0,0,0.12,0.12,0.25,0.12,0,0,0,0.06,0.25,0.12,0,0,32.21,183.83,371.65,198.64
1,2.1,0,0,0.18,0,0.12,0,0,0,0,0,0.18,0.24,0.35,0,0,0.18,0.35,0.29,0.06,0,0,93.12,268.09,522.8,283.15
2,2.1,0,0,0.36,0,0.29,0,0,0,0,0.14,0.29,0,0.07,0,0,0.07,0.36,0.36,0,0,0,102.57,226.3,469.04,240.46
3,2.1,0,0,0.22,0,0.17,0,0,0,0,0.28,0.28,0.22,0.11,0,0,0.06,0.17,0.5,0.17,0,0,148.74,276.23,532.36,294.2
4,2.1,0,0,0.26,0,0.26,0,0,0,0,0.11,0.22,0.37,0.26,0.11,0,0,0.22,0.37,0.11,0,0,141.26,304.03,573.27,323.62
5,2.1,0,0,0.17,0,0.17,0,0.03,0,0,0.3,0.13,0.07,0.13,0.03,0,0.03,0.27,0.33,0.07,0,0,47.29,246.31,517.64,264.7
1,2.4,0,0,0.1,0,0.1,0.05,0,0,0,0,0.3,0.3,0.15,0,0,0.1,0.05,0.1,0.1,0,0,115.78,298.41,560.78,316.94
2,2.4,0,0,0.56,0,0.5,0.06,0,0,0,0.06,0.31,0.38,0.25,0,0,0.12,0.06,0.38,0.06,0,0,44.42,241.68,489.67,267.42
3,2.4,0,0,0.31,0,0.15,0.23,0,0,0,0,0.38,0.31,0.08,0,0,0.08,0,0.08,0,0.08,0,131.62,239.99,503.71,260.86
4,2.4,0,0,0.18,0,0.12,0,0,0,0,0.06,0.41,0.29,0,0,0,0.06,0.24,0.29,0.12,0,0,101.35,316.65,558.33,325.06
5,2.4,0,0,0.14,0,0.14,0.04,0.04,0,0,0.07,0.21,0.11,0.14,0,0,0,0,0.32,0.04,0,0,74.89,248.62,469.58,262.25
1,2.3,0,0,0.32,0,0.26,0.21,0.05,0,0,0.05,0.47,0.21,0.47,0,0,0,0.32,0.53,0.05,0,0,218.21,250.97,502.95,266.58
2,2.3,0,0,0.2,0,0.1,0.2,0,0,0,0.2,0.4,0,0.4,0.1,0,0,0.2,0,0.1,0,0,226.1,287.42,588.5,304.72
3,2.3,0,0,0.19,0,0.1,0.05,0,0,0,0.05,0.24,0.1,0.19,0,0,0.05,0.24,0.14,0,0.05,0,141.24,239.5,479.85,251.27
4,2.3,0,0,0.07,0,0,0,0,0,0,0.07,0,0.14,0.21,0,0,0.07,0.21,0.07,0.07,0.07,0,79.43,181.04,382.96,186.41
5,2.3,0,0,0.19,0,0,0.06,0,0,0,0,0.12,0.12,0,0,0,0.06,0.12,0.12,0.06,0,0,54,193.09,408.31,198.26
1,2.2,0,0,0.31,0,0.31,0,0,0,0,0.08,0.31,0.46,0.23,0,0,0,0.08,0.46,0.08,0,0,107.65,259.43,464.88,274.54
2,2.2,0,0,0.38,0,0.31,0.12,0,0,0,0.12,0.31,0.25,0.38,0,0,0,0.19,0.38,0,0,0,72.81,248.27,489.84,263.23
3,2.2,0,0,0.11,0,0.06,0,0,0,0,0.11,0.28,0.33,0.22,0.06,0,0,0.17,0.17,0.11,0,0,92.74,261.61,502.26,277.44
4,2.2,0,0,0.24,0,0.16,0.08,0,0,0,0.16,0.2,0.08,0.12,0.04,0,0.04,0.28,0.48,0.04,0,0,95.98,254.75,499.09,269.96
5,2.2,0,0,0.24,0,0.2,0.04,0,0,0,0.2,0.12,0.12,0.16,0.04,0,0.08,0.2,0.16,0.04,0.04,0,33.54,187.94,412.06,199.85
1,3.1,0,0,0.13,0,0.09,0.09,0,0,0,0.17,0.22,0.22,0.09,0.04,0,0,0.09,0.26,0.09,0,0,161.13,261.8,495.26,289.67
2,3.1,0,0,0.2,0,0.2,0.1,0,0,0,0.2,0.5,0.3,0.3,0,0,0,0.3,0.1,0,0,0,79.5,212.3,414.12,229.55
3,3.1,0,0,0.2,0,0.2,0.05,0,0,0,0.15,0.4,0.15,0.15,0,0,0.1,0.15,0.35,0.1,0,0,149.73,278.75,505.18,286.34
4,3.1,0,0,0.23,0,0.15,0,0,0,0,0.15,0.23,0.08,0.15,0,0,0.08,0.08,0.31,0.08,0,0,147.23,218.93,399.47,216.34
5,3.1,0,0,0.26,0,0.26,0,0,0,0,0.11,0.16,0.26,0.11,0,0,0,0.26,0.21,0,0,0,88.89,216.45,403.69,234.23
1,3.4,0,0,0.12,0,0.06,0,0,0,0,0.19,0.25,0.44,0.06,0,0,0,0.25,0.19,0,0,0,32.69,279.17,524.59,287.48
2,3.4,0,0,0.2,0,0.13,0,0,0,0,0,0.27,0.13,0.07,0,0,0.07,0.33,0.33,0,0,0,116.77,281.82,546.13,308.07
3,3.4,0,0,0.27,0,0.05,0.05,0,0,0,0.23,0.14,0.05,0.09,0,0,0,0.27,0.05,0,0,0,112.32,243.53,513.06,258.99
4,3.4,0,0,0.18,0,0.05,0.05,0,0,0,0.23,0.14,0.05,0,0,0,0,0.23,0.14,0,0,0,192.64,256.74,534.76,273.05
5,3.4,0,0,0.15,0,0,0,0,0,0,0.2,0.05,0,0,0,0,0,0.45,0.25,0.05,0,0,40.2,228.68,505.25,252.4
1,3.2,0,0,0.09,0,0.09,0,0,0,0,0.06,0.22,0.12,0.09,0.03,0,0.12,0.44,0.06,0,0,0,140.5,260.89,526.22,281.09
2,3.2,0,0,0.29,0,0.25,0,0,0,0,0.12,0.33,0.12,0.17,0,0.04,0.04,0.71,0.17,0,0,0,128.47,270.27,537.61,292.57
3,3.2,0,0,0.06,0,0.06,0.03,0.03,0,0,0.16,0.06,0.06,0.06,0,0,0.03,0.29,0.13,0.03,0,0,157.77,265.63,541.66,297.69
4,3.2,0,0,0.17,0,0.17,0.03,0,0,0,0.17,0.1,0.03,0.03,0,0,0,0.45,0.28,0.03,0,0,222.55,268.51,529.71,299.1
5,3.2,0,0,0.13,0,0.06,0,0,0,0,0.19,0.1,0.1,0,0,0,0,0.26,0.13,0,0,0,117.27,206.73,415.47,226.4
1,3.3,0,0,0.12,0,0.12,0,0,0,0,0,0.18,0.35,0.06,0,0,0,0,0.12,0,0,0,116.91,307.07,516.38,316.2
2,3.3,0,0,0.11,0,0.11,0.11,0,0,0,0.06,0.17,0.17,0.33,0,0,0.06,0.06,0.17,0,0,0,139.22,287.57,527.61,298.43
3,3.3,0,0,0.17,0,0.17,0,0,0,0,0,0,0.17,0,0,0,0,0,0,0,0,0,87.17,139.43,300.99,142.82
4,3.3,0,0,0.31,0,0.25,0,0,0,0,0,0.12,0.19,0.19,0.06,0,0.19,0,0.38,0.12,0,0,130.06,278.39,514.46,298.58
5,3.3,0,0,0,0,0,0.09,0,0,0,0.09,0,0,0.18,0,0,0.09,0.27,0.36,0.09,0,0,112.39,228.31,429.97,239.83
1,4.1,0,0,0,0,0,0,0,0,0,0,0,0.43,0,0,0,0,0,0.14,0,0,0,32.14,329.32,548.38,365.65
2,4.1,0,0,0.5,0,0.25,0.08,0,0,0,0.25,0.17,0.08,0,0,0,0,0.33,0.25,0,0,0,187.47,251.53,493.54,269.26
3,4.1,0,0,0.11,0,0.11,0,0,0,0,0.17,0.06,0,0,0,0,0.11,0.28,0.28,0.06,0,0,77.83,285.93,605.41,293.5
4,4.1,0,0,0.37,0,0.17,0.03,0,0,0,0.3,0.13,0.07,0,0,0,0.1,0.23,0.2,0.03,0,0,55.44,254.95,516.75,274
5,4.1,0,0,0.71,0,0.29,0,0,0,0,0.5,0.21,0.21,0,0,0,0,0.29,0.07,0,0,0,239.73,323.57,594.07,348.84
1,4.3,0,0,0,0,0,0,0,0,0,0.21,0.31,0.15,0,0,0,0.03,0.13,0.13,0.1,0,0,194.96,305.58,580.25,332.21
2,4.3,0,0,0.13,0,0.13,0.13,0,0,0,0.17,0.33,0.4,0.1,0,0,0.03,0.27,0.3,0.07,0,0,156.15,285.6,555.58,303.81
3,4.3,0,0,0.24,0,0.17,0.07,0,0,0,0.14,0.24,0.17,0.03,0,0,0,0.41,0.24,0,0,0,79.16,255.88,528.37,275.03
4,4.3,0,0,0.05,0,0.05,0,0,0,0,0.32,0.05,0.09,0.09,0.05,0,0,0.18,0.14,0,0,0,97.18,211.55,445.18,253.2
5,4.3,0,0,0.06,0,0.06,0.03,0,0,0.03,0.38,0.12,0.03,0,0,0,0.06,0.38,0.09,0.06,0,0,56.47,224,480.23,244.04
1,4.2,0,0,0,0,0,0,0,0,0,0,0.07,0.4,0,0,0,0,0.07,0.13,0,0,0,33.33,238.71,439.47,265.08
2,4.2,0,0,0,0,0,0,0,0,0,0,0,0.17,0.17,0,0,0,0,0,0,0,0,0,197.72,394.47,203.38
3,4.2,0,0,0.21,0,0.14,0.07,0,0,0,0.07,0.21,0.21,0.14,0,0,0,0.21,0.5,0.43,0,0,100.77,268.7,516.41,285.27
4,4.2,0,0,0.53,0,0.27,0,0,0,0,0.27,0.27,0.2,0,0,0,0,0.07,0.2,0.07,0,0,144.23,222.79,439.74,240.78
5,4.2,0,0,0.4,0,0,0,0,0,0,0.2,0,0,0.2,0.2,0,0,0.2,0.2,0,0,0,136.2,309.87,481.38,311.47
1,4.4,0,0,0,0,0,0,0,0,0,0,0.06,0.12,0,0,0,0,0,0.06,0,0,0,34,243.18,373.75,289.13
2,4.4,0,0,0.27,0,0.27,0,0,0,0,0.09,0.36,0.45,0.27,0,0,0.18,0,0.27,0.09,0,0,232,294.48,534.51,305.24
3,4.4,0,0,0.14,0,0.14,0,0,0,0,0.14,0.29,0.14,0,0,0,0,0.29,0.29,0.14,0,0,109.86,246.48,508.3,264.24
4,4.4,0,0,0,0,0,0,0,0,0,0.5,0,0,0.5,0,0,0.5,0,0,0,0,0,153,307.78,611.31,308.67
5,4.4,0,0,0.25,0,0.25,0,0,0,0,0.25,0.25,0.38,0,0,0,0,0,0.38,0,0,0,114.81,187.34,366.79,201.14
1,5.2,0,0,0.07,0,0.07,0,0,0,0,0.07,0.1,0.1,0,0,0,0,0.17,0.07,0,0,0,50.93,208.64,365.21,234.69
2,5.2,0,0,0.2,0,0.2,0,0,0,0,0.1,0.2,0.1,0,0,0,0,0.1,0.2,0,0,0,110.35,192.82,364,202.56
3,5.2,0,0,0.29,0,0.29,0,0,0,0,0,0.57,0.43,0.14,0,0,0,0.29,0.14,0,0,0,121,256.63,510.55,280.58
4,5.2,0,0,0.38,0,0.25,0.12,0,0,0,0.12,0.62,0.25,0.12,0,0,0,0.25,0.25,0.12,0,0,140.38,307.76,585.28,331.85
5,5.2,0,0,0.15,0,0.15,0.08,0,0,0,0.08,0.31,0.31,0,0,0,0,0.23,0.46,0.15,0,0,118.31,325.22,578.8,344.62
1,5.3,0,0,0.12,0,0.02,0,0,0,0,0.12,0.55,0.05,0.08,0,0,0.02,0.15,0.1,0.08,0,0,138.07,274.54,484.46,297.47
2,5.3,0,0,0.22,0,0.11,0,0,0,0,0.22,0.19,0.22,0.19,0.04,0,0.11,0.22,0.37,0.11,0,0,158.69,283.08,568.91,304.99
3,5.3,0,0,0.23,0,0.09,0.03,0,0,0.03,0.11,0.26,0.11,0.17,0.06,0,0.03,0.2,0.2,0.09,0.03,0,159.88,284.32,561.61,304.1
4,5.3,0,0,0.23,0,0.07,0.03,0,0,0,0.17,0.17,0.23,0.07,0,0,0.03,0.2,0.33,0.03,0,0,113.01,298.81,557.39,312.41
5,5.3,0,0,0.25,0,0.09,0,0,0,0,0.19,0.22,0.22,0,0,0,0,0.12,0.38,0.16,0,0,170.12,305.12,568.63,321.53
1,5.1,0,0,0.04,0,0.04,0,0,0,0,0.04,0,0.17,0.04,0.09,0,0,0,0.04,0,0,0,45.65,269.75,434.26,310.14
2,5.1,0,0,0.29,0,0.14,0,0,0,0,0.29,0.07,0.21,0.14,0,0,0,0.07,0.21,0.21,0.07,0,91.61,272.8,516.98,298.1
3,5.1,0,0,0,0,0,0,0,0,0,0.09,0,0.09,0.18,0.18,0,0.18,0,0.27,0.09,0,0,75.86,284.05,544.07,294.12
4,5.1,0,0,0.14,0,0.14,0,0,0,0,0.21,0.07,0.14,0.14,0.07,0,0.07,0,0.21,0,0,0,123.43,268.45,508.39,280.58
5,5.1,0,0,0,0,0,0,0,0,0,0.75,0,0,0,0,0,0,0,0.5,0.5,0,0,157.75,351.43,558.3,366.64
1,5.4,0,0,0,0,0,0,0,0,0,0,0,0.05,0,0,0,0.11,0,0,0,0,0,11.11,221.82,372,263.66
2,5.4,0,0,0.19,0,0.12,0,0,0,0,0.12,0.12,0.31,0.19,0,0,0.12,0.25,0,0.12,0.06,0,138.72,282.04,517.02,295.72
3,5.4,0,0,0.29,0,0.14,0,0,0,0,0,0.43,0.14,0,0,0,0.14,0.43,0.14,0,0,0,147.48,270.04,515.8,287.06
4,5.4,0,0,0,0,0,0,0,0,0,0,0,0,0,0,0,0.17,0.17,0.5,0.17,0,0,108.33,207.55,397.24,237.35
5,5.4,0,0,0.18,0,0.09,0,0,0,0,0.09,0.09,0,0.18,0,0,0.09,0.18,0.09,0.27,0,0,205.59,274.79,529.66,285.25
1,6.1,0,0,0.07,0,0.04,0,0,0,0,0.26,0.15,0.07,0.11,0,0,0,0.19,0.26,0.11,0,0,132.59,276.76,543.77,305.93
2,6.1,0,0,0.11,0,0,0,0,0,0,0.07,0.11,0.11,0.3,0.04,0,0.04,0.11,0.48,0.19,0,0,212.22,292.86,528.33,317.31
3,6.1,0,0,0.23,0,0.04,0,0.04,0,0.04,0.15,0.19,0.15,0.15,0.04,0,0.04,0.08,0.38,0.19,0,0,220,295.6,557.7,323.19
4,6.1,0,0,0,0,0,0.05,0.14,0,0,0.14,0,0.05,0.14,0,0,0,0.23,0.5,0.14,0,0,206.61,290.9,546.18,329.57
5,6.1,0,0,0.18,0,0,0,0,0,0,0.06,0.41,0.18,0.12,0,0,0.06,0.06,0.41,0.18,0.06,0,192.73,299.62,583.85,323.45
1,6.2,0,0,0.25,0,0.15,0,0,0,0,0.2,0.15,0.25,0.05,0.05,0,0,0.15,0.25,0.05,0,0,114.35,275.71,507.61,297.03
2,6.2,0,0,0.38,0,0.12,0,0,0,0,0.38,0.12,0,0.12,0,0,0,0,0.25,0.12,0,0,251.88,272.81,575.66,302.46
3,6.2,0,0,0.12,0,0.06,0.12,0,0,0,0.19,0.06,0.19,0,0.06,0,0,0.12,0.12,0,0,0,59.03,177.37,368.63,188.01
4,6.2,0,0,0.25,0,0.1,0,0,0,0,0.25,0.1,0.1,0.05,0,0,0,0.15,0.55,0.1,0,0,67.3,243.36,505.23,262.34
5,6.2,0,0,0.12,0,0,0,0,0,0,0.12,0,0.12,0,0,0,0,0.18,0.24,0.12,0,0,37.94,204.09,418.83,227
1,6.3,0,0,0.17,0,0,0.06,0,0,0,0.22,0.17,0.06,0.11,0,0,0.06,0.22,0.17,0.17,0,0,142.56,296.6,564.38,322.3
2,6.3,0,0,0.1,0,0.1,0.05,0,0,0,0.3,0.05,0.2,0.05,0.05,0,0.05,0.3,0.15,0.1,0,0,38.12,252.57,568.07,267.24
3,6.3,0,0,0.21,0,0.11,0.11,0,0,0,0.11,0.16,0.37,0.11,0.05,0,0,0.11,0.16,0,0,0,124.08,296.1,569.4,302.35
4,6.3,0,0,0.08,0,0.08,0,0,0,0,0.33,0.08,0.17,0.17,0,0,0,0.08,0.33,0.25,0,0,12.75,233.1,501.19,249.46
5,6.3,0,0,0.05,0,0.05,0.09,0,0,0,0.32,0.09,0.23,0.09,0,0,0.05,0.23,0.27,0.23,0,0,111.2,263.9,543.35,286.7
1,6.4,0,0,0,0,0,0,0,0,0,0,0,0,0,0,0,0,0,0,0,0,0,25.5,102.67,106.83,105.33
2,6.4,0,0,0,0,0,0,0,0,0,0.17,0,0,0,0,0,0,0.17,0,0,0,0,0,90.01,203.54,101.61
3,6.4,0,0,0,0,0,0,0,0,0,0,0,0,0,0,0,0,0,0,0,0,0,0,0,0,0
4,6.4,0,0,0,0,0,0,0,0,0,0,0,0,0,0,0,0,0,0,0,0,0,0,0,0,0
5,6.4,0,0,0,0,0,0,0,0,0,0,0,0.1,0,0,0,0.1,0,0.1,0.1,0,0,47.15,135.62,235.34,152.04
1,6.5,0,0,0.17,0,0,0,0,0,0,0.17,0,0,0,0,0,0,0,0.33,0.17,0,0,135.17,128.2,299.1,136.85
2,6.5,0,0,0.17,0,0.17,0,0,0,0,0,0.33,0.17,0,0,0,0,0,0.33,0.17,0,0,51.33,293.24,493.78,322.57
3,6.5,0,0,0.29,0,0.29,0.14,0,0,0,0,0.29,0.29,0.29,0,0,0.14,0.14,0.43,0.14,0.14,0,202.64,205.72,429.18,214.27
4,6.5,0,0,0.12,0,0.12,0,0,0,0,0.12,0,0.12,0.12,0,0,0.12,0,0.25,0,0,0,34.38,149.19,295.02,155.7
5,6.5,0,0,0,0,0,0,0,0,0.1,0.1,0.1,0.2,0,0,0,0,0.1,0.3,0.1,0,0,34.45,170.05,297.51,173.07
1,7.1,0,0,0.1,0,0.1,0.07,0,0,0,0.2,0.17,0.1,0.03,0,0,0.07,0.33,0.1,0,0,0,169.88,246.82,488.69,269.66
2,7.1,0,0,0.27,0,0.19,0,0,0,0,0.08,0.12,0,0.08,0,0,0.04,0.23,0.19,0.08,0,0,126.37,190.8,405.42,204.36
3,7.1,0,0,0.26,0,0.23,0.06,0,0,0,0.03,0.19,0.1,0.06,0.03,0,0,0.23,0.16,0.16,0,0,190.84,247.65,512.6,263.14
4,7.1,0,0,0.26,0,0.16,0.06,0,0,0,0.06,0.13,0.1,0.06,0,0,0.06,0.1,0.19,0,0,0,169.1,262.59,482.81,269.54
5,7.1,0,0,0.16,0,0.05,0,0,0,0,0.08,0.03,0.03,0.03,0,0,0,0.14,0.16,0,0,0,115.32,236.95,438.37,255.64
1,7.2,0,0,0.21,0,0.21,0.11,0.11,0,0,0.16,0.37,0.11,0.05,0,0,0,0.16,0.47,0.16,0,0,203.97,280.71,520.67,303.51
2,7.2,0,0,0.29,0,0.29,0.14,0,0,0.07,0.21,0.43,0.14,0.14,0,0,0,0.21,0.36,0.14,0,0,176.3,245.62,454.41,278.09
3,7.2,0,0,0.11,0,0.11,0,0,0,0,0.16,0.11,0.05,0.11,0,0,0,0,0.32,0.21,0,0,106.74,259.35,473.88,266.61
4,7.2,0,0,0.21,0,0.16,0.05,0,0,0,0.05,0.21,0.11,0.05,0,0,0,0,0.53,0,0,0,157.2,297.51,555.22,323.45
5,7.2,0,0,0.16,0,0.16,0,0.05,0,0,0.26,0.26,0.21,0,0,0,0.05,0.05,0.32,0.05,0,0,98.77,293.97,524.47,312.37
1,7.3,0,0,0.14,0,0.14,0,0,0,0,0.24,0.24,0.14,0.05,0,0,0.05,0,0.33,0,0,0,93.68,239.62,469.28,268.52
2,7.3,0,0,0.15,0,0.08,0.08,0,0,0,0.08,0.15,0.08,0,0,0,0,0.15,0.15,0,0,0,71.85,144.71,313.68,166.75
3,7.3,0,0,0.16,0,0.11,0,0,0,0,0.05,0.11,0.11,0,0,0,0.05,0.05,0.05,0,0,0,42.26,160.74,348.39,171.35
4,7.3,0,0,0.11,0,0.06,0,0,0,0.06,0.11,0.06,0.17,0.06,0,0,0.06,0.11,0.11,0.06,0,0,118.57,296.42,484.67,301.65
5,7.3,0,0,0.11,0,0,0,0.04,0,0,0.19,0,0.04,0.07,0.04,0,0,0.22,0.33,0,0,0,71.07,223.32,435.12,244.45
1,8.5,0,0,0.03,0,0.03,0,0,0,0,0.03,0.03,0.06,0,0,0,0,0.03,0.12,0,0,0,48.31,181.67,328.47,211
2,8.5,0,0,0.13,0,0.13,0.04,0,0,0,0.09,0.13,0.04,0.13,0.09,0,0,0.17,0.13,0.09,0,0,44.83,199.92,420.04,214.49
3,8.5,0,0,0.21,0,0.21,0.08,0,0,0,0.04,0.12,0.12,0.25,0.04,0,0.08,0.12,0.29,0.12,0.04,0,42.75,222.93,422.39,233.53
4,8.5,0,0,0.13,0,0.09,0,0,0,0,0.22,0.09,0.09,0.17,0,0,0.04,0.17,0.3,0.13,0,0,132.32,254.05,539.96,281.24
5,8.5,0,0,0.08,0,0.08,0,0,0,0,0.15,0.15,0.08,0.15,0.15,0,0,0.15,0.31,0.15,0,0,79.77,223.3,461.35,240.33
1,8.1,0,0,0.04,0,0,0.04,0,0,0,0.04,0.22,0.04,0.04,0,0,0,0.15,0.15,0.07,0,0,122.68,305.59,497.55,332.37
2,8.1,0,0,0.06,0,0.06,0,0,0,0,0.17,0.11,0.11,0.03,0,0,0,0.06,0.31,0.11,0,0,20.4,202.58,409.9,219.48
3,8.1,0,0,0.03,0,0.03,0.03,0,0,0,0.07,0,0.03,0.1,0.03,0,0,0.07,0.2,0.07,0,0,35.43,184.79,376.51,192.59
4,8.1,0,0,0.05,0,0.05,0,0,0,0,0,0.05,0.1,0.15,0,0,0.05,0.05,0.25,0.05,0,0,83,249.42,531.49,269.91
5,8.1,0,0,0,0,0,0.04,0,0,0,0.04,0.04,0.09,0,0.04,0,0,0,0.17,0,0,0,93.43,181.43,381.57,196.05
1,8.2,0,0,0.07,0,0.07,0,0,0,0,0.07,0.1,0.07,0,0,0,0.03,0.07,0.1,0.03,0,0,91.45,239.97,437.75,276.79
2,8.2,0,0,0.04,0,0.04,0,0,0,0,0.09,0.17,0.04,0.17,0,0,0.04,0.22,0.17,0.04,0.04,0,72.65,267.55,532.32,284.1
3,8.2,0,0,0.15,0,0.15,0,0,0,0,0.08,0.31,0.04,0,0,0,0,0.19,0.31,0.12,0,0,111.62,236.97,452.08,255.42
4,8.2,0,0,0.27,0,0.27,0.07,0,0,0,0.27,0.13,0.07,0.2,0,0,0.07,0.13,0.33,0.13,0,0.07,128.07,291.29,543.57,312.28
5,8.2,0,0,0.21,0,0.21,0,0,0,0,0,0.05,0.21,0.05,0,0,0,0.16,0.21,0,0,0,95,246.6,464.42,270.78
1,8.4,0,0,0.07,0,0.07,0.04,0,0,0,0.04,0.04,0.11,0.07,0,0,0,0.07,0.11,0.04,0,0,42,208.43,365.19,248.57
2,8.4,0,0,0.3,0,0.3,0.05,0,0,0,0.3,0.25,0.25,0.15,0,0,0,0.05,0.4,0.2,0,0,194.36,277.27,528.86,297.45
3,8.4,0,0,0.1,0,0.1,0.05,0,0,0,0.1,0.05,0.1,0.15,0,0,0,0.1,0.25,0.15,0,0,88.1,254.98,447.35,278.02
4,8.4,0,0,0.21,0,0.05,0.05,0,0,0,0.26,0.11,0.05,0,0,0,0,0.05,0.53,0.11,0,0,141.63,234.47,494.21,258.11
5,8.4,0,0,0.11,0,0.11,0.11,0,0,0,0.32,0.21,0.11,0.21,0.11,0,0.11,0.21,0.47,0.11,0,0,176.46,272.01,558.98,300.5
1,8.3,0,0,0,0,0,0,0,0,0.03,0.03,0.03,0.03,0.13,0,0,0,0.13,0.06,0.03,0.03,0,100.9,217.66,410.25,254.11
2,8.3,0,0,0.17,0,0.09,0,0,0,0,0.04,0.13,0.04,0.17,0.04,0,0.04,0.09,0.17,0.09,0,0,85.86,195.47,384.09,206.75
3,8.3,0,0,0.25,0,0.18,0,0,0,0,0.25,0.14,0.11,0.18,0,0,0.04,0.29,0.29,0.11,0,0,62.98,189.35,427.25,220.24
4,8.3,0,0,0.25,0,0.2,0,0,0,0,0.05,0.15,0.05,0.2,0,0,0.2,0.15,0.25,0,0,0,132.12,251.06,505.92,262.09
5,8.3,0,0,0.23,0,0.19,0.04,0,0,0,0.23,0.04,0.27,0.23,0.04,0,0,0.08,0.27,0.04,0,0,113.67,245.35,522.69,277.15
1,9.2,0,0,0.1,0,0.05,0.05,0,0,0.05,0.2,0.15,0.05,0.15,0,0,0,0.15,0.35,0.25,0,0,62.23,297.1,595.36,326.32
2,9.2,0,0,0.14,0,0.07,0.07,0.07,0,0,0.21,0.07,0.14,0.14,0.14,0,0,0.21,0.29,0.14,0,0.07,42.71,238.54,471.11,253.53
3,9.2,0,0,0.27,0,0.2,0.13,0,0,0,0.07,0.07,0.2,0.2,0.07,0,0,0.2,0.33,0.07,0,0,157.8,275.77,494.55,296.28
4,9.2,0,0,0.2,0,0.07,0.07,0,0,0,0.2,0.07,0.07,0.07,0,0,0,0.07,0.07,0.13,0,0,104.6,229.39,502.14,254.02
5,9.2,0,0,0.05,0,0,0.1,0,0,0,0.14,0.1,0.05,0.24,0,0,0,0.19,0.33,0.1,0,0,166.46,279.56,556.64,304.65
1,9.1,0,0,0.12,0,0,0,0,0,0.06,0,0,0,0.12,0,0,0,0.19,0,0.12,0,0,36.25,247.41,482.1,279.77
2,9.1,0,0,0.05,0,0.05,0,0,0,0,0.19,0,0.05,0.24,0,0,0,0.29,0.29,0,0,0,76.19,234.35,514.28,260.49
3,9.1,0,0,0.2,0,0.1,0,0,0,0,0.15,0.1,0,0.2,0.1,0,0,0.3,0.2,0,0,0,156.9,246.94,471.53,266.19
4,9.1,0,0,0,0,0,0,0,0,0,0.2,0,0,0.1,0,0.1,0,0.1,0,0.2,0,0,71.2,214.38,418.61,227.62
5,9.1,0,0,0.07,0,0.07,0,0,0,0,0.21,0.07,0,0.14,0.14,0,0.14,0.14,0.07,0.07,0,0.07,60.61,203.4,384.4,211.73
1,9.3,0,0,0.28,0,0.24,0,0,0,0,0.04,0.2,0.24,0.36,0.08,0,0.04,0.16,0.4,0.08,0,0,96.22,274.48,508.74,287.67
2,9.3,0,0,0.24,0,0.24,0.07,0,0,0,0.07,0.17,0.17,0.17,0.03,0,0,0.14,0.41,0.1,0,0,99.87,227.65,452.1,237.98
3,9.3,0,0,0.38,0,0.26,0.03,0,0,0,0,0.24,0.15,0.29,0.03,0,0.12,0.21,0.32,0.18,0,0.03,93.55,267.08,562.27,282.39
4,9.3,0,0,0.3,0,0.15,0,0,0,0,0.15,0.15,0.06,0.12,0.03,0,0.03,0.15,0.27,0.12,0,0,62.77,239.98,471.3,254.52
5,9.3,0,0,0.54,0,0.38,0.17,0,0,0,0.12,0.33,0.12,0.29,0,0,0,0.25,0.46,0.21,0,0,170.35,259.3,546.94,282.7
1,10.3,0,0,0.11,0,0.11,0,0,0,0,0,0.17,0.06,0.11,0,0,0.06,0.44,0.22,0.11,0,0,68.89,251.02,532.28,270.24
2,10.3,0,0,0.08,0,0.08,0.08,0,0,0,0,0.08,0.15,0.08,0,0,0.15,0.15,0.31,0.15,0,0,93.77,268.78,495.65,305.36
3,10.3,0,0,0.14,0,0,0,0,0,0,0.43,0.14,0,0,0,0,0,0.57,0,0,0,0,148.81,340.52,588.31,349.39
4,10.3,0,0,0.23,0,0.15,0,0,0,0,0.38,0.15,0.08,0.08,0,0,0,0.15,0.15,0.08,0,0,101.38,266.19,498.12,289.07
5,10.3,0,0,0.09,0,0,0,0,0,0,0.18,0,0,0,0,0,0.09,0.18,0.18,0.09,0,0,34.82,268.02,590.04,288.86
1,10.1,0,0,0.08,0,0.04,0,0,0,0,0.13,0.12,0.05,0.12,0.03,0,0.13,0.14,0.14,0.08,0,0,57.9,296.11,543.23,315.11
2,10.1,0,0,0,0,0,0,0,0,0,0,0,0,0,0,0,0,0,0,0,0,0,0,0,0,0
3,10.1,0,0,0,0,0,0,0,0,0,0,0,0,1,0,0,0,0,0,0,0,0,0,245,555,269
4,10.1,0,0,0,0,0,0,0,0,0,0,0,0,0,0,0,0,0,0,0,0,0,0,0,0,0
5,10.1,0,0,0,0,0,0,0,0,0,0,1,0,0,0,0,0,0,0,0,0,0,0,307.75,587.25,316.75
1,10.4,0,0,0.09,0,0.09,0,0,0,0,0.18,0.09,0.09,0,0,0,0,0.36,0.36,0.09,0,0,58.91,261.48,485.16,277.04
2,10.4,0,0,0.22,0,0.06,0,0,0,0,0.11,0.06,0,0.28,0,0,0.11,0.22,0.11,0,0,0,136.39,216.63,427.02,230.26
3,10.4,0,0,0.25,0,0,0,0,0,0,0.38,0.12,0,0.12,0,0,0,0.25,0.25,0,0,0,102.79,314.54,588.78,332.87
4,10.4,0,0,0.08,0,0,0,0,0,0,0.17,0.08,0.08,0,0,0,0.25,0.25,0.17,0,0,0,41.42,298.16,538.8,306.59
5,10.4,0,0,0.12,0,0.06,0,0,0,0,0.24,0.06,0.12,0.06,0,0,0,0.12,0.06,0.18,0,0,67.14,221.91,453.31,244.74
1,10.2,0,0,0.33,0,0.2,0.07,0,0,0,0.2,0.33,0.07,0.13,0,0,0,0.07,0.53,0.2,0,0,78.58,287.57,556.82,308.34
2,10.2,0,0,0.29,0,0.14,0,0,0,0,0.07,0.14,0.14,0.21,0,0,0,0.29,0.5,0,0,0,192.21,296.1,599.31,312.98
3,10.2,0,0,0.36,0,0.07,0,0,0,0,0.21,0.07,0.29,0.29,0,0,0,0.21,0.29,0.07,0,0,110.26,289.68,553.32,316.85
4,10.2,0,0,0.17,0,0.17,0,0,0,0,0.17,0.25,0.17,0.08,0,0,0.17,0.08,0.25,0.42,0,0,85.12,292.49,595.54,314.42
5,10.2,0,0,0.16,0,0.05,0.11,0.05,0,0,0.21,0.21,0,0.16,0.05,0,0,0.37,0.16,0.16,0,0,108.93,266.97,530.74,294.21
1,11.1,0,0,0.23,0,0.08,0,0,0,0,0.08,0.31,0.15,0,0,0,0,0.15,0.31,0.08,0,0,128.08,222.75,440.24,241.73
2,11.1,0,0,0.17,0,0.06,0,0,0,0,0.17,0.22,0,0.06,0,0,0,0.11,0.22,0.11,0,0,117.03,234,452.84,244.07
3,11.1,0,0,0.07,0,0.07,0,0,0,0,0.2,0,0.07,0.2,0,0,0.07,0.13,0.33,0.13,0,0,188.47,224.11,504.24,244.37
4,11.1,0,0,0.31,0,0.31,0.15,0,0,0,0,0.54,0.08,0.08,0.08,0,0.08,0.08,0.38,0.08,0,0,108,313.4,591.35,320.76
5,11.1,0,0,0.18,0,0.18,0,0,0,0,0.27,0.18,0.18,0.09,0,0,0.09,0.09,0.45,0.09,0,0,108,216.07,431.89,236.73
1,11.3,0,0,0,0,0,0,0,0,0,0.15,0.38,0.08,0.08,0,0,0.08,0.15,0.23,0.08,0,0,73.54,242.41,463.37,254.81
2,11.3,0,0,0.09,0,0,0,0,0,0,0.36,0.09,0.09,0.09,0,0,0.09,0.18,0.36,0.18,0,0,86.71,257.89,495.37,271.24
3,11.3,0,0,0.17,0,0,0.17,0,0,0,0.17,0,0,0.17,0.17,0,0,0,0.67,0.33,0,0,240.58,232.69,493.13,248.42
4,11.3,0,0,0.36,0,0.09,0,0,0,0,0.18,0.27,0,0.27,0,0,0.09,0.27,0.64,0.09,0.18,0,120.36,253.06,489.73,266.88
5,11.3,0,0,0.18,0,0.09,0,0,0,0,0.18,0,0.18,0.27,0,0,0.09,0,0.45,0,0,0,95.68,268.57,541.67,291.04
1,11.2,0,0,0,0,0,0,0.08,0,0,0,0.08,0.15,0,0,0,0,0.08,0.23,0.08,0,0,132.46,216.59,385.11,243.95
2,11.2,0,0,0.11,0,0.11,0,0,0,0,0,0.11,0.11,0,0,0,0,0.22,0.11,0,0,0,101.67,120.44,261.71,126
3,11.2,0,0,0.17,0,0.17,0.17,0,0,0,0,0.5,0.17,0,0,0,0,0.33,0.17,0.17,0,0,222.67,284.79,560.6,310.8
4,11.2,0,0,0.17,0,0.17,0,0,0,0,0,0.17,0.17,0,0,0,0,0.17,0,0,0,0,174.33,213.98,470.18,237.51
5,11.2,0,0,0.1,0,0.1,0,0,0,0,0,0.1,0.3,0.1,0,0,0,0,0.3,0,0,0,28.1,243.85,474.72,260.47
1,12.1,0,0,0.08,0,0.08,0.08,0,0,0,0,0.5,0.08,0.25,0,0,0.17,0.33,0.08,0.08,0,0,182.06,283.64,532.91,312.25
2,12.1,0,0,0.07,0,0.07,0,0,0,0,0.07,0.29,0.21,0.21,0,0,0.07,0.21,0.21,0.14,0,0,159.36,277.82,541.97,302.39
3,12.1,0,0,0.11,0,0.11,0,0,0,0,0.05,0.11,0.16,0.11,0,0,0,0.16,0.16,0,0,0,153.26,269,542.11,288.68
4,12.1,0,0,0.16,0,0.16,0.05,0,0,0,0.05,0.26,0.32,0.16,0,0,0.05,0.16,0.32,0.05,0,0,244.95,270.81,551.15,294.13
5,12.1,0,0,0.31,0,0.25,0.19,0,0,0,0,0.31,0.25,0.06,0,0,0,0.12,0.31,0.06,0,0,169.34,262.98,466.11,293.08
1,12.3,0,0,0.36,0,0.36,0.18,0,0,0,0.27,0.18,0.45,0.27,0,0,0.09,0.18,0.09,0.18,0,0,233.22,314.54,584.92,333.31
2,12.3,0,0,0.22,0,0.22,0,0,0,0,0.11,0.28,0.11,0.17,0,0,0,0.17,0.22,0,0,0,121.05,221.12,458.13,238.86
3,12.3,0,0,0.23,0,0.15,0,0,0,0,0.15,0.15,0,0.15,0,0,0.08,0.15,0.15,0.08,0,0,162.73,239.07,498.12,256.7
4,12.3,0,0,0.33,0,0.2,0,0,0,0,0.2,0.2,0.27,0.13,0,0,0.07,0.13,0.27,0.07,0,0,143.63,267.43,538.07,299.51
5,12.3,0,0,0.23,0,0.23,0.08,0,0,0,0,0.38,0.08,0.08,0,0,0,0,0.23,0.15,0,0,119.45,255.82,502.67,275.8
1,12.2,0,0,0.18,0,0.14,0,0,0,0,0.09,0.23,0.09,0.05,0,0,0,0.23,0.18,0,0,0,112.44,186.75,353.51,192.51
2,12.2,0,0,0.12,0,0.04,0,0,0,0,0.12,0.25,0.04,0,0,0,0,0.12,0.21,0,0,0,99.62,199.71,408.53,215.22
3,12.2,0,0,0.26,0,0.09,0,0,0,0,0.09,0.13,0.04,0.04,0,0,0,0.3,0.26,0.04,0,0,72.51,202.9,440.07,223.17
4,12.2,0,0,0.21,0,0.21,0,0,0,0,0.05,0.26,0.16,0.05,0,0,0,0.21,0.21,0.11,0,0,95.42,151.27,312.98,170.72
5,12.2,0,0,0.18,0,0,0,0,0,0,0.11,0.11,0.07,0.04,0,0,0,0.14,0.14,0.04,0,0,69.46,207.34,402.25,216.37
1,13.3,0,0,0.24,0,0.24,0,0,0,0,0.24,0.2,0.4,0.08,0,0,0.04,0.08,0.12,0.12,0,0,82.3,251.07,472.19,269.63
2,13.3,0,0,0.5,0,0.11,0.06,0,0,0,0.28,0.06,0.06,0.06,0.06,0,0,0.22,0.33,0.11,0,0,283.94,278.91,533.26,310.82
3,13.3,0,0,0.36,0,0.36,0.07,0,0,0,0.5,0.36,0.36,0,0,0,0,0.29,0.21,0.14,0,0,221.68,241.39,501.53,261.99
4,13.3,0,0,0.45,0,0.25,0,0,0,0,0.15,0.2,0.2,0.2,0,0,0,0.15,0.35,0.15,0,0,164.68,256.54,560.92,296.16
5,13.3,0,0,0.18,0,0.12,0.12,0,0,0,0.24,0.24,0.18,0.18,0.06,0,0,0.18,0.35,0.29,0,0,155.63,270.53,511.01,293.11
1,13.2,0,0,0.12,0,0.12,0.06,0,0,0,0.24,0.29,0.06,0.12,0,0,0.06,0.29,0.18,0.12,0,0,72.8,232.39,456.48,245.95
2,13.2,0,0,0.11,0,0.05,0,0,0,0,0.42,0,0.11,0.05,0,0,0,0.26,0.26,0,0,0,54.37,232.26,466.38,259.34
3,13.2,0,0,0.14,0,0.05,0,0,0,0,0.19,0.1,0.05,0.05,0.05,0,0.05,0.1,0.19,0,0,0,27.14,197.27,395.88,212.07
4,13.2,0,0,0.09,0,0.09,0,0,0,0,0.09,0,0.23,0.05,0,0,0,0.18,0.41,0.05,0,0,52.45,278,518.2,298.3
5,13.2,0,0,0.04,0,0.04,0,0,0,0,0.16,0.04,0.12,0.04,0.04,0,0,0.12,0.24,0.16,0,0,81.56,227.97,450.81,239.41
1,13.1,0,0,0.19,0,0.19,0.08,0,0,0,0.27,0.31,0.08,0.23,0,0,0.08,0.23,0.35,0.19,0.04,0,176.42,272.38,524.74,295.18
2,13.1,0,0,0.25,0,0.12,0.04,0,0,0,0.21,0.12,0.17,0.17,0,0,0,0.17,0.46,0.04,0,0,111.44,204.47,421.59,220.24
3,13.1,0,0,0.24,0,0.12,0,0.04,0,0,0.16,0.12,0.2,0.04,0,0,0,0.2,0.4,0.08,0,0,85.2,270.09,540.97,287.45
4,13.1,0,0,0.24,0,0.2,0,0,0,0,0.08,0.12,0.16,0.12,0,0,0,0.2,0.24,0.04,0,0,81.88,220.44,451.42,240.02
5,13.1,0,0,0.2,0,0.1,0,0,0,0,0.1,0.05,0.05,0.1,0.05,0,0.15,0.15,0.2,0.35,0,0,88.9,190.51,412.75,217.24
1,13.4,0,0,0.5,0,0.5,0,0,0,0,0.5,0.5,0,0,0,0,0,0,0,0,0,0,173.5,145.28,304.29,163.57
2,13.4,0,0,0,0,0,0,0,0,0,0,0,0,0,0,0,0,0,0,0,0,0,0,0,0,0
3,13.4,0,0,0,0,0,0,0,0,0,0,0.33,0,0,0,0,0,0,0,0,0,0,0,227.17,389.5,232.67
4,13.4,0,0,0.17,0,0.17,0,0,0,0,0,0.17,0.17,0.17,0,0,0,0.17,0.17,0.17,0,0,0,138.51,299.53,153.79
5,13.4,0,0,0.33,0,0,0,0,0,0,0,0,0,0.67,0,0,0,0,0.67,0.33,0,0,240.83,186.28,397.71,202.14
1,14.3,0,0,0.25,0,0.2,0.1,0,0,0,0.05,0.35,0.15,0.1,0,0,0,0.3,0.45,0.15,0,0,155.44,280.99,531.34,295.56
2,14.3,0,0,0.21,0,0.12,0.04,0,0,0,0.21,0.21,0.17,0.17,0.04,0,0,0.12,0.38,0.17,0,0,168.54,248.48,514.44,271.44
3,14.3,0,0,0.26,0,0.11,0.05,0,0,0,0.37,0.37,0.26,0.26,0,0,0,0.26,0.42,0.11,0,0,147.42,252.46,525.61,276.58
4,14.3,0,0,0.33,0,0.1,0.1,0,0,0,0.1,0.33,0.14,0.19,0.05,0,0,0.24,0.33,0.14,0,0,95.1,223.83,456.18,240.1
5,14.3,0,0,0.22,0,0.07,0.19,0,0,0,0,0.19,0.3,0.11,0.15,0,0,0.11,0.26,0.19,0,0,128.54,262.38,501.93,276.12
1,14.2,0,0,0.5,0,0.2,0,0,0,0,0.1,0.1,0.3,0.1,0,0,0,0,0.1,0.2,0,0,159.95,396.1,588.84,405.77
2,14.2,0,0,0.27,0,0,0.18,0,0,0,0.18,0.27,0.09,0,0,0,0,0.36,0.09,0,0,0,64.91,189.57,382.45,203.51
3,14.2,0,0,0.33,0,0.33,0,0,0,0,0,0,0.33,0,0,0,0,0,0,0,0,0,97.33,121.67,202.17,132.5
4,14.2,0,0,0.14,0,0,0,0,0,0,0.14,0.43,0.57,0.14,0,0,0,0,0.43,0.14,0,0,172.98,307.15,588,329.55
5,14.2,0,0,0.38,0,0.25,0,0,0,0,0.38,0.12,0,0.12,0,0,0.12,0.25,0.25,0,0,0,121,246.17,505.51,253.4
1,14.4,0,0,0.09,0,0.09,0,0.09,0,0,0,0.09,0.09,0.09,0,0,0,0.18,0.18,0,0,0,72.68,309.34,438.95,321.28
2,14.4,0,0,0.27,0,0.18,0,0,0,0,0.18,0.09,0.27,0.18,0,0,0,0,0.27,0.09,0,0,112.85,311.26,592.92,349.39
3,14.4,0,0,0.38,0,0.12,0,0,0,0,0.38,0,0.12,0.12,0,0,0,0.38,0.25,0,0,0,58,266.09,524.72,292.22
4,14.4,0,0,0,0,0,0,0,0,0,0.25,0.25,0.25,0.5,0.25,0,0.25,0,0.5,0.25,0,0,257.08,312.25,596.34,334.94
5,14.4,0,0,0.19,0,0.12,0,0,0,0,0.25,0.25,0.06,0.06,0,0,0.06,0.06,0.06,0,0,0,68.41,265.76,519.31,276.76
1,14.1,0,0,0.06,0,0.06,0,0,0,0,0.06,0.12,0.12,0.12,0.06,0,0,0.06,0.19,0.06,0,0,86.2,238.63,365.75,243.79
2,14.1,0,0,0.08,0,0.08,0,0,0,0,0,0.08,0.17,0.17,0,0,0,0,0.33,0,0,0,97.12,263.84,498.11,296.89
3,14.1,0,0,0.27,0,0.27,0.07,0,0,0,0.07,0.27,0.07,0.13,0,0,0,0.2,0.13,0.07,0,0,151.27,171.6,346.87,186.8
4,14.1,0,0,0.18,0,0.18,0,0,0,0,0.09,0.18,0.18,0,0,0,0,0,0.18,0.09,0,0,106.36,299.44,533.74,339.39
5,14.1,0,0,0,0,0,0,0,0,0,0.05,0.14,0.05,0.14,0,0,0,0.05,0.14,0.05,0,0,60,252.72,478.22,270.63
1,15.2,0,0,0.09,0,0.09,0.05,0,0,0,0.09,0,0.09,0,0,0,0,0.09,0.27,0.23,0,0,118.84,225.33,426.81,244.07
2,15.2,0,0,0.27,0,0.18,0.09,0,0,0,0.09,0.45,0.27,0.27,0,0,0,0.18,0.45,0.09,0,0,169,315.06,541.83,328.07
3,15.2,0,0,0.11,0,0.11,0,0,0,0,0.06,0.11,0.06,0.11,0.06,0,0,0.11,0.39,0.06,0,0,161.36,223.02,462.4,243.45
4,15.2,0,0,0.21,0,0.16,0.05,0,0,0,0.16,0.16,0.21,0.11,0.11,0,0.05,0.11,0.42,0.21,0,0,135.92,267.62,530.72,285.22
5,15.2,0,0,0.06,0,0.06,0.06,0.06,0,0,0.12,0.19,0.12,0.19,0.06,0,0.06,0.12,0.44,0.25,0.06,0,146.42,304.92,552.11,340.13
1,15.3,0,0,0.21,0,0.14,0,0,0,0,0,0.14,0.21,0.07,0.07,0,0,0.07,0.21,0.07,0,0,73.79,257.94,470.71,267.6
2,15.3,0,0,0,0,0,0.11,0.11,0,0,0,0,0,0,0,0,0,0,0.44,0,0,0,94.33,330.22,528.83,366.92
3,15.3,0,0,0,0,0,0,0,0,0,0,0,0,0.11,0,0,0,0.11,0.22,0,0,0,83.33,111.43,265.21,123.55
4,15.3,0,0,0.08,0,0.08,0.08,0,0,0,0.08,0,0,0.15,0,0,0.08,0,0.15,0.15,0,0,106.23,234.95,450.03,270.96
5,15.3,0,0,0,0,0,0,0,0,0,0,0,0,0,0,0,0,0,0,0.11,0,0,89.67,224.81,422.04,264.17
1,15.1,0,0,0.12,0,0.12,0.06,0,0,0,0,0.12,0.25,0.12,0,0,0,0,0.25,0.12,0,0,62.53,243.15,443.2,264.77
2,15.1,0,0,0.11,0,0,0,0,0,0,0,0,0,0.11,0,0,0,0,0.11,0,0,0,26.39,122.93,269.93,130.13
3,15.1,0,0,0.12,0,0.12,0,0,0,0,0,0.06,0.06,0.19,0.06,0,0,0.12,0.31,0.06,0,0,87.04,198.47,373.33,233.1
4,15.1,0,0,0.08,0,0,0,0,0,0,0.08,0,0,0,0.08,0,0,0.15,0.15,0.15,0,0,66.46,213.44,415.58,238.25
5,15.1,0,0,0,0,0,0,0.08,0,0,0.08,0,0,0.15,0,0,0.08,0.15,0.23,0.08,0.08,0,100.46,169.28,367.5,194.36
1,15.4,0,0,0.2,0,0.13,0,0,0,0,0.13,0.07,0.07,0.13,0.07,0,0.07,0.13,0.13,0.07,0,0,104.17,169.1,352.75,198.36
2,15.4,0,0,0.36,0,0.18,0,0,0,0,0,0.18,0.09,0.27,0.18,0,0,0.36,0.45,0,0,0,145.94,280.06,486.64,304.39
3,15.4,0,0,0,0,0,0,0,0,0,0,0,0,0,0,0,0,0,0.14,0,0,0,46,215.05,324.2,256.86
4,15.4,0,0,0,0,0,0,0,0,0,0.07,0.07,0.07,0.14,0,0,0,0.07,0.21,0.07,0,0,104.89,130.14,251.94,139.14
5,15.4,0,0,0.14,0,0.07,0,0.07,0,0,0.07,0,0.07,0.07,0,0,0,0,0.29,0.21,0,0,129.64,224.06,361.2,270.77
1,16.3,0,0,0.11,0,0.11,0.07,0,0,0,0.04,0.29,0.11,0.04,0,0,0,0.18,0.32,0.07,0,0,72.02,221.85,425.52,236.22
2,16.3,0,0,0.06,0,0.06,0.03,0,0,0,0.1,0.13,0.1,0.06,0,0,0.03,0.03,0.13,0.16,0,0,84.23,203.07,418.13,219.98
3,16.3,0,0,0.21,0,0.03,0.03,0,0,0.03,0.1,0.07,0.21,0.1,0,0,0,0.07,0.34,0.14,0,0,132.34,251.66,478.97,281.03
4,16.3,0,0,0.17,0,0.06,0.06,0,0,0,0.22,0.11,0.17,0.06,0,0,0.06,0.22,0.22,0.17,0,0,103.28,231.47,457.13,244.06
5,16.3,0,0,0.14,0,0.09,0,0,0,0,0.36,0.14,0.14,0.14,0,0,0,0.18,0.36,0.09,0,0,116.05,241.64,480.01,265.47
1,16.1,0,0,0.12,0,0.08,0.04,0,0,0,0.04,0.25,0.12,0.04,0,0,0.08,0.12,0.08,0,0,0,90.1,246.92,492.55,261.69
2,16.1,0,0,0.1,0,0.1,0,0,0,0,0.05,0.15,0.05,0,0,0,0,0.1,0.15,0.15,0,0,70.85,269.66,523.32,314.08
3,16.1,0,0,0.13,0,0.13,0,0,0,0,0.2,0.07,0.13,0,0,0,0.07,0.27,0.07,0,0,0,171.47,286.25,542.42,322.48
4,16.1,0,0,0.13,0,0.13,0,0,0,0,0.07,0.07,0.2,0.07,0,0,0.07,0.13,0.13,0,0,0,129.6,301.15,532.43,319.81
5,16.1,0,0,0.12,0,0.12,0.12,0,0,0,0.12,0.12,0,0,0,0,0,0.12,0.12,0.06,0,0,92.5,227.08,442.54,250.84
1,16.2,0,0,0.08,0,0.08,0.15,0,0,0,0.23,0.08,0.08,0.08,0,0,0,0.31,0.31,0,0,0,104,243.9,474.77,266.87
2,16.2,0,0,0.14,0,0.1,0.05,0,0,0,0.1,0.14,0.14,0,0,0,0.05,0.1,0.19,0.1,0,0,82.62,185.14,361.36,210.74
3,16.2,0,0,0.22,0,0.22,0,0,0,0,0.17,0.22,0.33,0.17,0,0,0,0.11,0.17,0,0,0,117.39,251.01,477.73,283.83
4,16.2,0,0,0.36,0,0.27,0.09,0,0,0,0.36,0.09,0.18,0.09,0.09,0,0,0.09,0.45,0,0,0,129.45,313.57,589.71,325.04
5,16.2,0,0,0.12,0,0.12,0,0,0,0,0.06,0.06,0.12,0,0,0,0,0.12,0.25,0,0,0,110.12,244.49,424.94,288.11
1,16.4,0,0,0.15,0,0.08,0.15,0,0,0,0.23,0.08,0.08,0.08,0.08,0,0,0.23,0.31,0.08,0,0,71.58,308.22,542.81,309.89
2,16.4,0,0,0.22,0,0.06,0,0,0,0,0.06,0.22,0.17,0,0,0,0,0,0.17,0.11,0,0,230.94,272.55,552.47,289.88
3,16.4,0,0,0.12,0,0.06,0.06,0,0,0,0.31,0.06,0.06,0.19,0.06,0,0,0.12,0.25,0.12,0,0,78.96,272.3,589.98,315.04
4,16.4,0,0,0.25,0,0.15,0.1,0,0,0,0.15,0.1,0.2,0.1,0,0,0.1,0.25,0.1,0.05,0,0,26.15,277.63,587.79,305.53
5,16.4,0,0,0.13,0,0.13,0.07,0,0,0,0.27,0.07,0.07,0,0,0,0.07,0.07,0.27,0.13,0,0,134.67,287.68,555.99,311.49
1,17.3,0,0,0.26,0,0.16,0.05,0.11,0,0,0.37,0.26,0.32,0.16,0,0,0,0.16,0.42,0.32,0,0.05,136.9,295.37,565.51,324.58
2,17.3,0,0,0.12,0,0.08,0.12,0,0,0,0.23,0.35,0.12,0.12,0,0,0.04,0.23,0.35,0.19,0,0,170.63,307,584.31,324.34
3,17.3,0,0,0.26,0,0.26,0.05,0.05,0,0,0.32,0.32,0.32,0,0,0,0.11,0.16,0.37,0.26,0,0,146.41,278.85,563.26,297.53
4,17.3,0,0,0.29,0,0.21,0.29,0,0,0,0.29,0.07,0.21,0.21,0.07,0,0,0.14,0.5,0.14,0,0,165.81,271.16,553.13,299.69
5,17.3,0,0,0.3,0,0.3,0.05,0,0,0,0.25,0.25,0.5,0.05,0.05,0,0,0.15,0.25,0.15,0,0,160.17,272.62,529.6,295.28
1,17.1,0,0,0.17,0,0.17,0,0,0,0,0.17,0.22,0.17,0.13,0,0,0.04,0.13,0.22,0.09,0,0,119.71,260.04,508.9,283.42
2,17.1,0,0,0.11,0,0.11,0.26,0,0,0,0.21,0.26,0.26,0.21,0.05,0,0.05,0.05,0.32,0.05,0,0,71.84,282.26,527.99,291.77
3,17.1,0,0,0,0,0,0,0,0,0,0.1,0.1,0,0.1,0,0,0.1,0.3,0.1,0,0,0,63.9,283.73,582.89,328.16
4,17.1,0,0,0.24,0,0.24,0.06,0,0,0,0.06,0.41,0.06,0.12,0,0,0,0.18,0.35,0.06,0,0,163.31,223.96,457.34,243.27
5,17.1,0,0,0.29,0,0.14,0.07,0,0,0,0.29,0.14,0.14,0.07,0.07,0,0.07,0.14,0.29,0.07,0,0,133.32,288.16,589.03,325.79
1,17.2,0,0,0.18,0,0.09,0,0,0,0,0.09,0.27,0.18,0,0,0,0.09,0.27,0.09,0,0,0,213.22,331.02,591.08,344.69
2,17.2,0,0,0.1,0,0,0,0,0,0,0,0.1,0.2,0,0,0,0,0.1,0.1,0,0,0,35.85,263.58,476.85,268.93
3,17.2,0,0,0.22,0,0.22,0,0,0,0,0.44,0.22,0.22,0,0,0,0.11,0.44,0,0,0,0,279.02,289.5,592.03,306.21
4,17.2,0,0,0.43,0,0.21,0,0,0,0,0.29,0.07,0.14,0,0,0,0.07,0.21,0.14,0,0,0,43.76,266.74,546.43,277.65
5,17.2,0,0,0.3,0,0.2,0.1,0,0,0,0.1,0.3,0,0.1,0,0,0,0.2,0.2,0,0,0,113.3,269.91,460.4,300.17
1,18.4,0,0,0.12,0,0.12,0,0.08,0,0,0.12,0.19,0.12,0.08,0,0,0,0.04,0.38,0.04,0,0,61.69,241.44,472.64,265.95
2,18.4,0,0,0.32,0,0.26,0.05,0,0,0,0.16,0.11,0.21,0.26,0.05,0,0.05,0.11,0.42,0.05,0,0,121.95,252.99,526.67,275.43
3,18.4,0,0,0.33,0,0.14,0,0.05,0,0,0.38,0.19,0.24,0.05,0,0,0.1,0.19,0.48,0.33,0,0,152.73,283.98,591.58,326.88
4,18.4,0,0,0.26,0,0.22,0,0,0,0,0.3,0.3,0.22,0.17,0.09,0,0.09,0.17,0.57,0.04,0,0,151.79,284.18,539.31,300.71
5,18.4,0,0,0.37,0,0.21,0,0.05,0,0,0.16,0.21,0.11,0.16,0,0,0.16,0.26,0.47,0.11,0,0,82.11,287.12,561.77,314.5
1,18.3,0,0,0.11,0,0.11,0.06,0,0,0,0,0.22,0.17,0.17,0.11,0,0.06,0.17,0.22,0.11,0,0,130.43,263.36,502.41,274.67
2,18.3,0,0,0.07,0,0,0,0,0,0,0.07,0,0,0.2,0.07,0,0,0.13,0.13,0,0,0.07,26.67,189.1,395.17,207.19
3,18.3,0,0,0.09,0,0,0,0,0,0,0.32,0,0,0,0,0,0.05,0.09,0.18,0.14,0,0,40.68,215.33,422.61,234.22
4,18.3,0,0,0.11,0,0.11,0,0,0,0,0.22,0.11,0.06,0.06,0,0,0,0.22,0.11,0.06,0,0,54.77,222.49,457.52,237.08
5,18.3,0,0,0.07,0,0.07,0,0,0,0,0.27,0.07,0,0.07,0,0,0,0.27,0,0.07,0,0,15.27,178.14,395.97,195.46
1,18.2,0,0,0.06,0,0.06,0,0,0,0,0.06,0.06,0.12,0.06,0,0,0.06,0.25,0.19,0,0,0,79.85,282.26,485.14,290.54
2,18.2,0,0,0.12,0,0.04,0,0,0,0,0.29,0.08,0.17,0,0,0,0.04,0.12,0.33,0,0,0,97.75,264.01,545.43,284.94
3,18.2,0,0,0,0,0,0,0,0,0,0.27,0,0,0.05,0,0,0,0.14,0.23,0.09,0,0,59.64,247.56,518.84,278.43
4,18.2,0,0,0.09,0,0.09,0,0.05,0,0,0.05,0,0.14,0,0,0,0.09,0.09,0.27,0.09,0,0,85.11,289.42,476.99,306.36
5,18.2,0,0,0.17,0,0.13,0.04,0.04,0,0,0.35,0.17,0.17,0.13,0,0,0.04,0.04,0.26,0.09,0,0,137.09,274.72,554.11,302.25
1,18.1,0,0,0,0,0,0,0,0,0,0.11,0.11,0.33,0.11,0,0,0,0.11,0.44,0.11,0,0,99.97,321.5,602.71,327.91
2,18.1,0,0,0,0,0,0,0,0,0,0.12,0.12,0.25,0.12,0,0,0,0,0.25,0.12,0,0,235.38,329.69,583.28,345.19
3,18.1,0,0,0.18,0,0.18,0,0,0,0,0.18,0.09,0.36,0,0,0,0,0.18,0.27,0,0,0,103.27,307.62,594.29,326.73
4,18.1,0,0,0.43,0,0.43,0,0,0,0,0,0.14,0.29,0.14,0,0,0,0.14,0,0,0,0,63.57,211.36,420.43,223.51
5,18.1,0,0,0,0,0,0.25,0,0,0,0.25,0,0.25,0,0,0,0.25,0,0.5,0.25,0,0,236,287.54,596.22,302.24
1,19.1,0,0,0.52,0,0.42,0.13,0,0,0,0.35,0.32,0.29,0.1,0,0,0.03,0.26,0.42,0.06,0.03,0,177.16,266.05,535.38,285.45
2,19.1,0,0,0.38,0,0.24,0,0,0,0,0.26,0.15,0.26,0.03,0.03,0,0,0.12,0.29,0.12,0,0,108.43,244.48,508.63,268.06
3,19.1,0,0,0.31,0,0.25,0.03,0,0,0,0.16,0.16,0.22,0.09,0,0,0,0.12,0.25,0.06,0,0,133.97,250.21,532.66,272.71
4,19.1,0,0,0.26,0,0.18,0.03,0.03,0,0,0.18,0.26,0.28,0.05,0,0,0.03,0.1,0.23,0,0,0,69.1,247.67,514.69,277.49
5,19.1,0,0,0.26,0,0.21,0,0,0,0,0.26,0.35,0.15,0.03,0.03,0,0.06,0.12,0.24,0.09,0,0,194.72,265.2,556.27,291.87
1,19.3,0,0,0.17,0,0.06,0.06,0,0,0,0.06,0.06,0.28,0.06,0,0,0,0.06,0.39,0,0,0,140.53,248.33,468,260.31
2,19.3,0,0,0.12,0,0.09,0,0,0,0,0.15,0.24,0.12,0.09,0.03,0,0,0.24,0.27,0.12,0,0,116.95,244.59,507.16,259.54
3,19.3,0,0,0.13,0,0.13,0,0,0,0,0.33,0.2,0.2,0,0,0,0,0.13,0.47,0.13,0,0,201.27,270.81,547.37,285.89
4,19.3,0,0,0.23,0,0.04,0,0,0,0,0.27,0.19,0.15,0,0,0,0,0.23,0.31,0.08,0,0,168.5,274.7,543.29,297.91
5,19.3,0,0,0.39,0,0.33,0,0,0,0,0.28,0.39,0.22,0.06,0,0,0,0.22,0.5,0.11,0,0,146.03,259.26,526.65,275.25
1,19.2,0,0,0.14,0,0.14,0.07,0,0,0,0.07,0.14,0.07,0,0,0,0,0,0.07,0,0,0,20.86,102.73,171.92,106.64
2,19.2,0,0,0.12,0,0.06,0,0.12,0,0,0.06,0.19,0.06,0,0,0,0,0.06,0.31,0,0,0,83.72,196.09,361.85,218.96
3,19.2,0,0,0.07,0,0.07,0,0,0,0,0.13,0.2,0.13,0,0,0,0.13,0.13,0.2,0,0,0,69.73,245.46,504.35,263.65
4,19.2,0,0,0,0,0,0,0,0,0,0.18,0,0,0.12,0,0,0,0.18,0.24,0.06,0,0,166.44,204.56,440.57,230.79
5,19.2,0,0,0.3,0,0.2,0,0,0,0,0.1,0.1,0.1,0.2,0,0,0,0,0.5,0.1,0,0,127.2,242.54,471.46,260.69
1,20.4,0,0,0.1,0,0.1,0,0,0,0,0.14,0.1,0.14,0.28,0.07,0,0.1,0.21,0.28,0.14,0,0,57.23,247.39,488.15,269.77
2,20.4,0,0,0.13,0,0.1,0.03,0,0,0,0.2,0.03,0.07,0,0,0,0.1,0.13,0.37,0.1,0,0,62.03,196.45,394.17,213.84
3,20.4,0,0,0.24,0,0.1,0.1,0,0,0,0.29,0.1,0.19,0.05,0,0,0,0.24,0.52,0,0,0,109.24,292.75,565.26,316.65
4,20.4,0,0,0.26,0,0.09,0,0,0,0,0.39,0.04,0.17,0.04,0,0,0,0.26,0.43,0.09,0,0,56.88,241.11,518.86,267.61
5,20.4,0,0,0.28,0,0.14,0.07,0,0,0,0.31,0.07,0.21,0.1,0,0,0,0.07,0.52,0.07,0.03,0,111.76,248.71,493.55,269.96
1,20.1,0,0,0.13,0,0.09,0,0,0,0,0.09,0.35,0.17,0.13,0.04,0,0.04,0.17,0.35,0.17,0,0,161.13,289.91,560.75,312.55
2,20.1,0,0,0.29,0,0.17,0.08,0,0,0.04,0.21,0.38,0.17,0.04,0,0,0.04,0.04,0.25,0.17,0,0,57.65,235.8,498.65,251.37
3,20.1,0,0,0.23,0,0.18,0,0,0,0,0.32,0.23,0.27,0.05,0,0,0.05,0.23,0.41,0.05,0,0,94.05,278.09,573.27,293.32
4,20.1,0,0,0.14,0,0.14,0,0,0,0,0.07,0.25,0.11,0,0,0,0.07,0.18,0.36,0.07,0,0,67,219.7,448.44,230.99
5,20.1,0,0,0,0,0,0.08,0,0,0,0.16,0.08,0.04,0.08,0,0,0.04,0.16,0.12,0.12,0,0,95.74,220.71,473.16,231.3
1,20.3,0,0,0.14,0,0.1,0,0,0,0,0.05,0.14,0.14,0.38,0.1,0,0.05,0.19,0.38,0.05,0,0,100.9,281.43,538.84,308.87
2,20.3,0,0,0.32,0,0.32,0,0,0,0,0.36,0.23,0.18,0.09,0,0,0.05,0.32,0.36,0.14,0,0,118.73,229.48,455.22,244.06
3,20.3,0,0,0.09,0,0,0,0,0,0,0.18,0.18,0,0.27,0,0,0,0.36,0.73,0,0,0,0,268.82,541.82,296.7
4,20.3,0,0,0.27,0,0.2,0,0,0,0,0.33,0,0.2,0.07,0,0,0,0.2,0.2,0,0,0,68.87,191.03,398.64,216.85
5,20.3,0,0,0.18,0,0.18,0.06,0,0,0,0.18,0.12,0,0.06,0.06,0,0,0.35,0.47,0.06,0,0,109.93,236.96,457.78,252.17
1,20.2,0,0,0,0,0,0,0,0,0,0,0.15,0.23,0.15,0.15,0,0,0.15,0.08,0,0,0,150.79,213.62,406.78,230.84
2,20.2,0,0,0.3,0,0.3,0,0,0,0,0,0.1,0.6,0.2,0,0,0,0,0.1,0.2,0,0,67.5,325.62,596.94,338.54
3,20.2,0,0,0.1,0,0,0,0,0,0,0,0.2,0.3,0.1,0,0,0.1,0.2,0.2,0,0,0,57.8,291.39,597.8,313.01
4,20.2,0,0,0,0,0,0,0,0,0,0,0,0,0,0,0,0,0,0,0,0,0,0,138,195.67,143.67
5,20.2,0,0,0,0,0,0,0,0,0,0,0,0.4,0.2,0,0,0,0,0.4,0,0,0,56.2,311.93,591.14,329.42
1,21.3,0,0,0.09,0,0.06,0.09,0,0,0,0.22,0.12,0,0.22,0,0,0.03,0.22,0.31,0.09,0,0,90.45,193.32,389.7,209.77
2,21.3,0,0,0.09,0,0.05,0,0,0,0.05,0.41,0.09,0,0.14,0,0,0,0.09,0.27,0.14,0,0,73.05,261.57,539.79,288.17
3,21.3,0,0,0.38,0,0.38,0,0.04,0,0,0.21,0.29,0.12,0.08,0,0,0,0.12,0.5,0.12,0,0,114.16,284.33,566.44,315.43
4,21.3,0,0,0.19,0,0.15,0.08,0,0,0,0.12,0.15,0.08,0.19,0.04,0,0,0.12,0.42,0,0.04,0,62.39,286.27,568.31,311.57
5,21.3,0,0,0.14,0,0.11,0.04,0,0,0,0.25,0.07,0.07,0.21,0,0,0.07,0.14,0.29,0.21,0.04,0,142.11,276.58,521.65,306.66
1,21.2,0,0,0.42,0,0.33,0,0,0,0,0.42,0.25,0.25,0.12,0,0,0.12,0.25,0.42,0.25,0,0,81.9,309.28,603.9,333.69
2,21.2,0,0,0.32,0,0.23,0.14,0,0,0,0.45,0.27,0.27,0.14,0.05,0,0,0.14,0.64,0.18,0,0,129.4,301.66,597.15,327.68
3,21.2,0,0,0.05,0,0.05,0.05,0,0,0,0.26,0.26,0.42,0.16,0.05,0,0,0.26,0.26,0.05,0,0,107.34,293.42,535.53,305.22
4,21.2,0,0,0.24,0,0.12,0.12,0,0,0,0.28,0.28,0.2,0.04,0,0,0,0.24,0.56,0.04,0,0,175.14,265.88,522.76,284.13
5,21.2,0,0,0.15,0,0.15,0,0,0,0,0.3,0.15,0.15,0.04,0,0.04,0,0.22,0.52,0.11,0,0,92.22,294.54,574.8,322.43
1,21.4,0,0,0.16,0,0.16,0,0,0,0,0.16,0.16,0.26,0.05,0,0,0,0,0.47,0.05,0,0,56.74,243.12,436.02,260.36
2,21.4,0,0,0.06,0,0.06,0,0,0,0,0.12,0.12,0.24,0.06,0,0,0,0.24,0.24,0.06,0,0,65.18,229.18,421.07,251.43
3,21.4,0,0,0.05,0,0.05,0,0,0,0,0.18,0.09,0.18,0.05,0,0,0,0.23,0.14,0.09,0,0,82.45,250.1,489.39,267.96
4,21.4,0,0,0.07,0,0.07,0,0,0,0,0.14,0.07,0.29,0,0,0,0,0.07,0.43,0,0,0,58.79,253.88,462.75,265.72
5,21.4,0,0,0.06,0,0,0,0,0,0,0.28,0,0.11,0.06,0,0,0,0.11,0.44,0.17,0,0,138.78,273.82,555.03,297.19
1,21.5,0,0,0,0,0,0,0,0,0,0.38,0,0,0,0,0,0.12,0.12,0.25,0,0,0,38.25,245.52,454.96,268.88
2,21.5,0,0,0.08,0,0.08,0,0,0,0,0.08,0.08,0.17,0.33,0,0,0.17,0.42,0.08,0.17,0,0,49.33,204.73,453,213.09
3,21.5,0,0,0,0,0,0.12,0,0,0,0.12,0,0.12,0.12,0,0,0.12,0.38,0.12,0,0.12,0,65,246.33,447.53,248.08
4,21.5,0,0,0,0,0,0,0,0,0,0.22,0,0,0.33,0,0,0.33,0.33,0.22,0,0.11,0,51.22,264.93,530.24,288.99
5,21.5,0,0,0,0,0,0,0,0,0,0,0,0,0.22,0,0,0.44,0.22,0.33,0.44,0.11,0,122.33,260.78,448.6,262.71
1,21.1,0,0,0.15,0,0.15,0.08,0,0,0,0,0.08,0.38,0.08,0,0,0.08,0,0.31,0,0,0,37.62,243.7,423.82,245.08
2,21.1,0,0,0.06,0,0,0.11,0,0,0,0.06,0.22,0.17,0,0,0,0.06,0.28,0.39,0.11,0,0,103.72,222.81,464.2,239.4
3,21.1,0,0,0.23,0,0.08,0.08,0,0,0,0.08,0.23,0.08,0.15,0,0,0,0,0.08,0.15,0,0,136.92,212.31,401.32,237.49
4,21.1,0,0,0.35,0,0.3,0.05,0,0,0,0.1,0.35,0.4,0,0,0,0,0.05,0.4,0,0,0,69.65,300.95,538.87,318.07
5,21.1,0,0,0.44,0,0.06,0,0,0,0,0.06,0.19,0.44,0,0,0,0,0.25,0.56,0.12,0,0,152.91,307.92,585.21,335.28
1,22.1,0,0,0.09,0,0.09,0.04,0,0,0,0.13,0.09,0.17,0.43,0.04,0,0.04,0.22,0.22,0,0,0,134.89,236.06,489.9,257.24
2,22.1,0,0,0.08,0,0,0,0,0,0,0.08,0.23,0.15,0.15,0,0,0.08,0.08,0.08,0,0,0,144.15,266.67,585.24,289.92
3,22.1,0,0,0.07,0,0,0.13,0,0,0,0,0.27,0.13,0.47,0.13,0,0,0.13,0.47,0.07,0,0,108.69,265.48,556.65,285.01
4,22.1,0,0,0.19,0,0.1,0,0,0,0.05,0.14,0.14,0.1,0.14,0,0,0.1,0.05,0.29,0.14,0,0,76.6,225.8,449.8,248.62
5,22.1,0,0,0.29,0,0.24,0,0,0,0,0.18,0.29,0.12,0.12,0,0,0,0.12,0.29,0.06,0,0,134.24,262.81,545.94,294.97
1,22.3,0,0,0,0,0,0,0,0,0,0,0.17,0.08,0.08,0.08,0,0,0.08,0.42,0,0,0,104,258.73,440.47,262.58
2,22.3,0,0,0,0,0,0,0,0,0,0.08,0.15,0.08,0.08,0,0,0,0,0.15,0,0,0,98.23,255.05,454.28,300.09
3,22.3,0,0,0,0,0,0,0,0,0,0.06,0,0.18,0.24,0.06,0,0,0.06,0.06,0.06,0,0,132.76,257.12,452.44,299.07
4,22.3,0,0,0.25,0,0.25,0,0,0,0,0,0.25,0.5,0.12,0,0,0,0,0,0,0,0,154.88,332.95,586.26,381.78
5,22.3,0,0,0.07,0,0,0,0,0,0,0.07,0.14,0.21,0.21,0,0,0,0,0.07,0.14,0,0,51.57,156.88,295.68,182.01
1,22.2,0,0,0.11,0,0.11,0,0,0,0,0.11,0.11,0.11,0.11,0,0,0,0.33,0.33,0,0,0,50,208.31,400.24,222.79
2,22.2,0,0,0.09,0,0.09,0,0,0,0,0,0.27,0.27,0,0,0,0,0.09,0.18,0.27,0,0,33.48,206.19,429.91,224.58
3,22.2,0,0,0,0,0,0,0,0,0,0,0.12,0.12,0,0,0,0,0,0.38,0.12,0,0,63.12,245.44,447.69,285
4,22.2,0,0,0.23,0,0.15,0.08,0,0,0,0,0.23,0,0.15,0.15,0,0.08,0,0.31,0.15,0.08,0,220.58,305.13,587.89,354.12
5,22.2,0,0,0.17,0,0.11,0.06,0,0,0,0.11,0.11,0.06,0.17,0,0,0,0.06,0.22,0.06,0,0,74.42,183.24,359.09,205.13
1,22.4,0,0,0.11,0,0.11,0,0,0,0,0.11,0.11,0.33,0,0,0,0,0.11,0.33,0,0,0,152.37,211.04,398.7,232.49
2,22.4,0,0,0.25,0,0.25,0,0,0,0,0.17,0.42,0.08,0.25,0,0,0,0.17,0.5,0,0,0,185.54,292.31,550.23,326.42
3,22.4,0,0,0.13,0,0.13,0,0,0,0,0.07,0.2,0,0.13,0,0,0.07,0.27,0.2,0.07,0,0,208.76,293.49,512.19,349.56
4,22.4,0,0,0.12,0,0.12,0,0,0,0,0.29,0.18,0.18,0,0,0,0.12,0.18,0.24,0.06,0,0,159.59,291.87,589.06,336.35
5,22.4,0,0,0.09,0,0.09,0,0,0,0,0,0.18,0.09,0.09,0,0,0,0,0.18,0.18,0,0,55.82,272.43,476.91,315.07
1,22.5,0,0,0.22,0,0.11,0.11,0,0,0,0,0.11,0.22,0.33,0,0,0,0.22,0.44,0.11,0,0,104.12,182.68,329.84,194.9
2,22.5,0,0,0.15,0,0.15,0.08,0,0,0,0,0.15,0.23,0.23,0,0,0.15,0.15,0.31,0.23,0.08,0,119.21,259.71,548.69,293.44
3,22.5,0,0,0.25,0,0.19,0.06,0,0,0,0.19,0.06,0.25,0.44,0.19,0,0.12,0.31,0.31,0.19,0.06,0,165.12,303.76,593.16,324.2
4,22.5,0,0,0.24,0,0.24,0,0,0,0,0.18,0.24,0,0.29,0,0,0.12,0.29,0.41,0.12,0.06,0,198.85,269.93,562.09,314.84
5,22.5,0,0,0.14,0,0.14,0,0,0,0,0.1,0.14,0.05,0.1,0,0,0.05,0.19,0.33,0.14,0,0,78.57,234.9,505.14,260.22
